{
  "sequence": "rz(106, -4.7124) \u2192 sx(107) \u2192 rz(107, -3.1416)",
  "count": 4,
  "reports": [
    0,
    2,
    3,
    4
  ],
  "physical_qubits": [
    106,
    107
  ],
  "qubit_mapping": {
    "106": 0,
    "107": 1
  },
  "operations": [
    {
      "operation": "rz",
      "qubits": [
        106
      ],
      "params": [
        -4.712388980384689
      ]
    },
    {
      "operation": "sx",
      "qubits": [
        107
      ],
      "params": []
    },
    {
      "operation": "rz",
      "qubits": [
        107
      ],
      "params": [
        -3.141592653589793
      ]
    }
  ]
}